{
    "type": "FeatureCollection",
    "features": [
        {
            "type": "Feature",
            "properties": {
                "id": "labuhan-ratu",
                "name": "Labuhan Ratu",
                "district": "Kota Bandar Lampung",
                "province": "Lampung"
            },
            "geometry": {
                "type": "MultiPolygon",
                "coordinates": [
                    [
                        [
                            [
                                105.25434875488287,
                                -5.359412670135498
                            ],
                            [
                                105.24979400634771,
                                -5.375859260559082
                            ],
                            [
                                105.24177551269537,
                                -5.360050201415959
                            ],
                            [
                                105.2455673217774,
                                -5.358399868011475
                            ],
                            [
                                105.25070953369146,
                                -5.358068943023682
                            ],
                            [
                                105.25434875488287,
                                -5.359412670135498
                            ]
                        ]
                    ],
                    [
                        [
                            [
                                105.24700164794916,
                                -5.383906841278076
                            ],
                            [
                                105.24745178222662,
                                -5.381797790527287
                            ],
                            [
                                105.24979400634771,
                                -5.375859260559082
                            ],
                            [
                                105.25434875488287,
                                -5.359412670135498
                            ],
                            [
                                105.26621246337902,
                                -5.3660826683043865
                            ],
                            [
                                105.25962829589844,
                                -5.379480361938477
                            ],
                            [
                                105.24939727783209,
                                -5.38535833358759
                            ],
                            [
                                105.24700164794916,
                                -5.383906841278076
                            ]
                        ]
                    ],
                    [
                        [
                            [
                                105.27200317382812,
                                -5.380703926086426
                            ],
                            [
                                105.25962829589844,
                                -5.379480361938477
                            ],
                            [
                                105.26621246337902,
                                -5.3660826683043865
                            ],
                            [
                                105.26675415039068,
                                -5.36639928817749
                            ],
                            [
                                105.27404785156261,
                                -5.371246814727783
                            ],
                            [
                                105.27200317382812,
                                -5.380703926086426
                            ]
                        ]
                    ]
                ]
            }
        },
        {
            "type": "Feature",
            "properties": {
                "id": "kedaton",
                "name": "Kedaton",
                "district": "Kota Bandar Lampung",
                "province": "Lampung"
            },
            "geometry": {
                "type": "MultiPolygon",
                "coordinates": [
                    [
                        [
                            [
                                105.25499725341791,
                                -5.387178421020451
                            ],
                            [
                                105.24939727783209,
                                -5.38535833358759
                            ],
                            [
                                105.25962829589844,
                                -5.379480361938477
                            ],
                            [
                                105.27200317382812,
                                -5.380703926086426
                            ],
                            [
                                105.27050018310547,
                                -5.386989593505859
                            ],
                            [
                                105.26538848876959,
                                -5.3856940269470215
                            ],
                            [
                                105.26126861572277,
                                -5.386188507080021
                            ],
                            [
                                105.25662994384771,
                                -5.387602806091309
                            ],
                            [
                                105.25499725341791,
                                -5.387178421020451
                            ]
                        ]
                    ],
                    [
                        [
                            [
                                105.26126861572277,
                                -5.386188507080021
                            ],
                            [
                                105.26130676269526,
                                -5.398651599884033
                            ],
                            [
                                105.256820678711,
                                -5.398289203643742
                            ],
                            [
                                105.25662994384771,
                                -5.387602806091309
                            ],
                            [
                                105.26126861572277,
                                -5.386188507080021
                            ]
                        ]
                    ],
                    [
                        [
                            [
                                105.25234985351562,
                                -5.398843288421631
                            ],
                            [
                                105.24885559082043,
                                -5.393538475036621
                            ],
                            [
                                105.25499725341791,
                                -5.387178421020451
                            ],
                            [
                                105.25662994384771,
                                -5.387602806091309
                            ],
                            [
                                105.256820678711,
                                -5.398289203643742
                            ],
                            [
                                105.25234985351562,
                                -5.398843288421631
                            ]
                        ]
                    ],
                    [
                        [
                            [
                                105.26594543457031,
                                -5.392799377441406
                            ],
                            [
                                105.26288604736328,
                                -5.399089336395264
                            ],
                            [
                                105.26130676269526,
                                -5.398651599884033
                            ],
                            [
                                105.26126861572277,
                                -5.386188507080021
                            ],
                            [
                                105.26538848876959,
                                -5.3856940269470215
                            ],
                            [
                                105.26594543457031,
                                -5.392799377441406
                            ]
                        ]
                    ],
                    [
                        [
                            [
                                105.26228332519531,
                                -5.399916172027588
                            ],
                            [
                                105.26107025146496,
                                -5.4031968116759685
                            ],
                            [
                                105.26029205322277,
                                -5.403274059295654
                            ],
                            [
                                105.25418853759777,
                                -5.402235031127873
                            ],
                            [
                                105.25098419189464,
                                -5.400816917419434
                            ],
                            [
                                105.25234985351562,
                                -5.398843288421631
                            ],
                            [
                                105.256820678711,
                                -5.398289203643742
                            ],
                            [
                                105.26130676269526,
                                -5.398651599884033
                            ],
                            [
                                105.26288604736328,
                                -5.399089336395264
                            ],
                            [
                                105.26228332519531,
                                -5.399916172027588
                            ]
                        ]
                    ]
                ]
            }
        },
        {
            "type": "Feature",
            "properties": {
                "id": "way-halim",
                "name": "Way Halim",
                "district": "Kota Bandar Lampung",
                "province": "Lampung"
            },
            "geometry": {
                "type": "MultiPolygon",
                "coordinates": [
                    [
                        [
                            [
                                105.2765350341798,
                                -5.372884750366154
                            ],
                            [
                                105.28172302246094,
                                -5.382831096649113
                            ],
                            [
                                105.27200317382812,
                                -5.380703926086426
                            ],
                            [
                                105.27404785156261,
                                -5.371246814727783
                            ],
                            [
                                105.2765350341798,
                                -5.372884750366154
                            ]
                        ]
                    ],
                    [
                        [
                            [
                                105.27239990234375,
                                -5.396957397460881
                            ],
                            [
                                105.2718276977539,
                                -5.405014514923096
                            ],
                            [
                                105.26911926269526,
                                -5.40705490112299
                            ],
                            [
                                105.2664794921875,
                                -5.404631614685059
                            ],
                            [
                                105.26228332519531,
                                -5.399916172027588
                            ],
                            [
                                105.26288604736328,
                                -5.399089336395264
                            ],
                            [
                                105.26594543457031,
                                -5.392799377441406
                            ],
                            [
                                105.27239990234375,
                                -5.396957397460881
                            ]
                        ]
                    ],
                    [
                        [
                            [
                                105.27239990234375,
                                -5.396957397460881
                            ],
                            [
                                105.27998352050776,
                                -5.391745567321777
                            ],
                            [
                                105.28274536132818,
                                -5.391836643218994
                            ],
                            [
                                105.28409576416021,
                                -5.394030570983887
                            ],
                            [
                                105.2821655273438,
                                -5.39992523193348
                            ],
                            [
                                105.2748413085937,
                                -5.406986713409367
                            ],
                            [
                                105.2718276977539,
                                -5.405014514923096
                            ],
                            [
                                105.27239990234375,
                                -5.396957397460881
                            ]
                        ]
                    ],
                    [
                        [
                            [
                                105.27239990234375,
                                -5.396957397460881
                            ],
                            [
                                105.26594543457031,
                                -5.392799377441406
                            ],
                            [
                                105.26538848876959,
                                -5.3856940269470215
                            ],
                            [
                                105.27050018310547,
                                -5.386989593505859
                            ],
                            [
                                105.27998352050776,
                                -5.391745567321777
                            ],
                            [
                                105.27239990234375,
                                -5.396957397460881
                            ]
                        ]
                    ],
                    [
                        [
                            [
                                105.27050018310547,
                                -5.386989593505859
                            ],
                            [
                                105.27200317382812,
                                -5.380703926086426
                            ],
                            [
                                105.28172302246094,
                                -5.382831096649113
                            ],
                            [
                                105.28222656250011,
                                -5.390000820159912
                            ],
                            [
                                105.28274536132818,
                                -5.391836643218994
                            ],
                            [
                                105.27998352050776,
                                -5.391745567321777
                            ],
                            [
                                105.27050018310547,
                                -5.386989593505859
                            ]
                        ]
                    ],
                    [
                        [
                            [
                                105.2664794921875,
                                -5.404631614685059
                            ],
                            [
                                105.26107025146496,
                                -5.4031968116759685
                            ],
                            [
                                105.26228332519531,
                                -5.399916172027588
                            ],
                            [
                                105.2664794921875,
                                -5.404631614685059
                            ]
                        ]
                    ]
                ]
            }
        },
        {
            "type": "Feature",
            "properties": {
                "id": "teluk-betung-barat",
                "name": "Teluk Betung Barat",
                "district": "Kota Bandar Lampung",
                "province": "Lampung"
            },
            "geometry": {
                "type": "MultiPolygon",
                "coordinates": [
                    [
                        [
                            [
                                105.22203063964844,
                                -5.408495903015137
                            ],
                            [
                                105.21465301513678,
                                -5.408849716186523
                            ],
                            [
                                105.19927215576183,
                                -5.414430618286133
                            ],
                            [
                                105.197265625,
                                -5.404394149780273
                            ],
                            [
                                105.20175170898449,
                                -5.393715381622258
                            ],
                            [
                                105.21355438232428,
                                -5.3962144851684
                            ],
                            [
                                105.21907043457037,
                                -5.407035827636719
                            ],
                            [
                                105.22203063964844,
                                -5.408495903015137
                            ]
                        ]
                    ],
                    [
                        [
                            [
                                105.25253295898432,
                                -5.452436447143555
                            ],
                            [
                                105.25376129150396,
                                -5.456564903259277
                            ],
                            [
                                105.2412567138673,
                                -5.457490921020508
                            ],
                            [
                                105.23628997802746,
                                -5.449619293212891
                            ],
                            [
                                105.24239349365246,
                                -5.450124740600529
                            ],
                            [
                                105.25084686279297,
                                -5.450295925140324
                            ],
                            [
                                105.25253295898432,
                                -5.452436447143555
                            ]
                        ]
                    ],
                    [
                        [
                            [
                                105.25084686279297,
                                -5.450295925140324
                            ],
                            [
                                105.25379943847662,
                                -5.446283340454102
                            ],
                            [
                                105.25662231445318,
                                -5.451244831085091
                            ],
                            [
                                105.25595855712885,
                                -5.451594829559269
                            ],
                            [
                                105.25253295898432,
                                -5.452436447143555
                            ],
                            [
                                105.25084686279297,
                                -5.450295925140324
                            ]
                        ]
                    ],
                    [
                        [
                            [
                                105.25084686279297,
                                -5.450295925140324
                            ],
                            [
                                105.24239349365246,
                                -5.450124740600529
                            ],
                            [
                                105.2459564208985,
                                -5.44013071060175
                            ],
                            [
                                105.2493743896485,
                                -5.439288139343148
                            ],
                            [
                                105.25379943847662,
                                -5.446283340454102
                            ],
                            [
                                105.25084686279297,
                                -5.450295925140324
                            ]
                        ]
                    ],
                    [
                        [
                            [
                                105.22663116455078,
                                -5.465832710266056
                            ],
                            [
                                105.2145462036134,
                                -5.446315765380859
                            ],
                            [
                                105.23928833007818,
                                -5.434539318084717
                            ],
                            [
                                105.2459564208985,
                                -5.44013071060175
                            ],
                            [
                                105.24239349365246,
                                -5.450124740600529
                            ],
                            [
                                105.23628997802746,
                                -5.449619293212891
                            ],
                            [
                                105.23179626464844,
                                -5.451187610626221
                            ],
                            [
                                105.22669219970709,
                                -5.46591854095459
                            ],
                            [
                                105.22663116455078,
                                -5.465832710266056
                            ]
                        ]
                    ],
                    [
                        [
                            [
                                105.21277618408209,
                                -5.445489406585693
                            ],
                            [
                                105.20529937744146,
                                -5.436929702758789
                            ],
                            [
                                105.20601654052734,
                                -5.429370880126896
                            ],
                            [
                                105.21525573730474,
                                -5.426945686340332
                            ],
                            [
                                105.23014068603521,
                                -5.433097839355412
                            ],
                            [
                                105.23444366455078,
                                -5.431049823760986
                            ],
                            [
                                105.23928833007818,
                                -5.434539318084717
                            ],
                            [
                                105.2145462036134,
                                -5.446315765380859
                            ],
                            [
                                105.21277618408209,
                                -5.445489406585693
                            ]
                        ]
                    ]
                ]
            }
        },
        {
            "type": "Feature",
            "properties": {
                "id": "kemiling",
                "name": "Kemiling",
                "district": "Kota Bandar Lampung",
                "province": "Lampung"
            },
            "geometry": {
                "type": "MultiPolygon",
                "coordinates": [
                    [
                        [
                            [
                                105.20601654052734,
                                -5.429370880126896
                            ],
                            [
                                105.20427703857416,
                                -5.421006202697697
                            ],
                            [
                                105.19586181640636,
                                -5.418331623077336
                            ],
                            [
                                105.19927215576183,
                                -5.414430618286133
                            ],
                            [
                                105.21465301513678,
                                -5.408849716186523
                            ],
                            [
                                105.21525573730474,
                                -5.426945686340332
                            ],
                            [
                                105.20601654052734,
                                -5.429370880126896
                            ]
                        ]
                    ],
                    [
                        [
                            [
                                105.20748901367199,
                                -5.389548301696777
                            ],
                            [
                                105.20945739746094,
                                -5.373370170593205
                            ],
                            [
                                105.21480560302734,
                                -5.369238376617432
                            ],
                            [
                                105.22082519531261,
                                -5.377765178680363
                            ],
                            [
                                105.22126770019531,
                                -5.38584566116333
                            ],
                            [
                                105.21456909179682,
                                -5.3922643661498455
                            ],
                            [
                                105.20748901367199,
                                -5.389548301696777
                            ]
                        ]
                    ],
                    [
                        [
                            [
                                105.19586181640636,
                                -5.418331623077336
                            ],
                            [
                                105.18177795410156,
                                -5.417416095733643
                            ],
                            [
                                105.17552947998047,
                                -5.407510280609131
                            ],
                            [
                                105.1851196289063,
                                -5.399415493011475
                            ],
                            [
                                105.197265625,
                                -5.404394149780273
                            ],
                            [
                                105.19927215576183,
                                -5.414430618286133
                            ],
                            [
                                105.19586181640636,
                                -5.418331623077336
                            ]
                        ]
                    ],
                    [
                        [
                            [
                                105.21907043457037,
                                -5.407035827636719
                            ],
                            [
                                105.21355438232428,
                                -5.3962144851684
                            ],
                            [
                                105.20175170898449,
                                -5.393715381622258
                            ],
                            [
                                105.20420074462896,
                                -5.387927055358887
                            ],
                            [
                                105.20748901367199,
                                -5.389548301696777
                            ],
                            [
                                105.21456909179682,
                                -5.3922643661498455
                            ],
                            [
                                105.22126770019531,
                                -5.38584566116333
                            ],
                            [
                                105.21907043457037,
                                -5.407035827636719
                            ]
                        ]
                    ]
                ]
            }
        },
        {
            "type": "Feature",
            "properties": {
                "id": "langkapura",
                "name": "Langkapura",
                "district": "Kota Bandar Lampung",
                "province": "Lampung"
            },
            "geometry": {
                "type": "MultiPolygon",
                "coordinates": [
                    [
                        [
                            [
                                105.21907043457037,
                                -5.407035827636719
                            ],
                            [
                                105.22126770019531,
                                -5.38584566116333
                            ],
                            [
                                105.22082519531261,
                                -5.377765178680363
                            ],
                            [
                                105.23011779785162,
                                -5.379732131957951
                            ],
                            [
                                105.23267364501964,
                                -5.390935897827148
                            ],
                            [
                                105.23143768310553,
                                -5.400737285613957
                            ],
                            [
                                105.22203063964844,
                                -5.408495903015137
                            ],
                            [
                                105.21907043457037,
                                -5.407035827636719
                            ]
                        ]
                    ],
                    [
                        [
                            [
                                105.197265625,
                                -5.404394149780273
                            ],
                            [
                                105.1851196289063,
                                -5.399415493011475
                            ],
                            [
                                105.1969680786134,
                                -5.386283874511662
                            ],
                            [
                                105.20420074462896,
                                -5.387927055358887
                            ],
                            [
                                105.20175170898449,
                                -5.393715381622258
                            ],
                            [
                                105.197265625,
                                -5.404394149780273
                            ]
                        ]
                    ],
                    [
                        [
                            [
                                105.24700164794916,
                                -5.383906841278076
                            ],
                            [
                                105.23267364501964,
                                -5.390935897827148
                            ],
                            [
                                105.23011779785162,
                                -5.379732131957951
                            ],
                            [
                                105.23615264892578,
                                -5.378838539123478
                            ],
                            [
                                105.24745178222662,
                                -5.381797790527287
                            ],
                            [
                                105.24700164794916,
                                -5.383906841278076
                            ]
                        ]
                    ]
                ]
            }
        },
        {
            "type": "Feature",
            "properties": {
                "id": "panjang",
                "name": "Panjang",
                "district": "Kota Bandar Lampung",
                "province": "Lampung"
            },
            "geometry": {
                "type": "MultiPolygon",
                "coordinates": [
                    [
                        [
                            [
                                105.32524871826172,
                                -5.48957633972168
                            ],
                            [
                                105.32286071777355,
                                -5.483537673950195
                            ],
                            [
                                105.33142089843756,
                                -5.478309631347599
                            ],
                            [
                                105.33715057373053,
                                -5.486939907073975
                            ],
                            [
                                105.32524871826172,
                                -5.48957633972168
                            ]
                        ]
                    ],
                    [
                        [
                            [
                                105.32286071777355,
                                -5.483537673950195
                            ],
                            [
                                105.31875610351562,
                                -5.478893280029297
                            ],
                            [
                                105.33031463623058,
                                -5.473118305206299
                            ],
                            [
                                105.33142089843756,
                                -5.478309631347599
                            ],
                            [
                                105.32286071777355,
                                -5.483537673950195
                            ]
                        ]
                    ],
                    [
                        [
                            [
                                105.31875610351562,
                                -5.478893280029297
                            ],
                            [
                                105.32014465332037,
                                -5.469203472137451
                            ],
                            [
                                105.31449127197277,
                                -5.463969707488957
                            ],
                            [
                                105.32994079589855,
                                -5.469416618347111
                            ],
                            [
                                105.33031463623058,
                                -5.473118305206299
                            ],
                            [
                                105.31875610351562,
                                -5.478893280029297
                            ]
                        ]
                    ],
                    [
                        [
                            [
                                105.31449127197277,
                                -5.463969707488957
                            ],
                            [
                                105.3129348754884,
                                -5.461271286010685
                            ],
                            [
                                105.31660461425776,
                                -5.458297252655029
                            ],
                            [
                                105.32752227783203,
                                -5.4511518478393555
                            ],
                            [
                                105.32900238037104,
                                -5.462183952331543
                            ],
                            [
                                105.32994079589855,
                                -5.469416618347111
                            ],
                            [
                                105.31449127197277,
                                -5.463969707488957
                            ]
                        ]
                    ],
                    [
                        [
                            [
                                105.359375,
                                -5.514420986175537
                            ],
                            [
                                105.34707641601574,
                                -5.521939754486084
                            ],
                            [
                                105.34258270263672,
                                -5.512721061706429
                            ],
                            [
                                105.32406616210938,
                                -5.499217510223389
                            ],
                            [
                                105.32524871826172,
                                -5.48957633972168
                            ],
                            [
                                105.33715057373053,
                                -5.486939907073975
                            ],
                            [
                                105.34114074707037,
                                -5.494200706481877
                            ],
                            [
                                105.35231018066406,
                                -5.5023417472839355
                            ],
                            [
                                105.359375,
                                -5.514420986175537
                            ]
                        ]
                    ],
                    [
                        [
                            [
                                105.29199981689447,
                                -5.428800582885742
                            ],
                            [
                                105.2961883544923,
                                -5.425398826599121
                            ],
                            [
                                105.29821014404303,
                                -5.433719158172607
                            ],
                            [
                                105.30824279785156,
                                -5.441532135009766
                            ],
                            [
                                105.3016815185548,
                                -5.447631359100342
                            ],
                            [
                                105.29058074951178,
                                -5.434418201446533
                            ],
                            [
                                105.29199981689447,
                                -5.428800582885742
                            ]
                        ]
                    ],
                    [
                        [
                            [
                                105.31660461425776,
                                -5.458297252655029
                            ],
                            [
                                105.3129348754884,
                                -5.461271286010685
                            ],
                            [
                                105.30140686035156,
                                -5.450194358825684
                            ],
                            [
                                105.3016815185548,
                                -5.447631359100342
                            ],
                            [
                                105.30824279785156,
                                -5.441532135009766
                            ],
                            [
                                105.31023406982428,
                                -5.4424047470092205
                            ],
                            [
                                105.31660461425776,
                                -5.458297252655029
                            ]
                        ]
                    ]
                ]
            }
        },
        {
            "type": "Feature",
            "properties": {
                "id": "sukabumi",
                "name": "Sukabumi",
                "district": "Kota Bandar Lampung",
                "province": "Lampung"
            },
            "geometry": {
                "type": "MultiPolygon",
                "coordinates": [
                    [
                        [
                            [
                                105.32693481445312,
                                -5.429559707641602
                            ],
                            [
                                105.32372283935547,
                                -5.436408042907658
                            ],
                            [
                                105.31023406982428,
                                -5.4424047470092205
                            ],
                            [
                                105.30824279785156,
                                -5.441532135009766
                            ],
                            [
                                105.29821014404303,
                                -5.433719158172607
                            ],
                            [
                                105.2961883544923,
                                -5.425398826599121
                            ],
                            [
                                105.31436157226562,
                                -5.4187421798706055
                            ],
                            [
                                105.32693481445312,
                                -5.429559707641602
                            ]
                        ]
                    ],
                    [
                        [
                            [
                                105.33511352539057,
                                -5.439810276031494
                            ],
                            [
                                105.32752227783203,
                                -5.4511518478393555
                            ],
                            [
                                105.31660461425776,
                                -5.458297252655029
                            ],
                            [
                                105.31023406982428,
                                -5.4424047470092205
                            ],
                            [
                                105.32372283935547,
                                -5.436408042907658
                            ],
                            [
                                105.32693481445312,
                                -5.429559707641602
                            ],
                            [
                                105.3414916992188,
                                -5.424736022949219
                            ],
                            [
                                105.33511352539057,
                                -5.439810276031494
                            ]
                        ]
                    ],
                    [
                        [
                            [
                                105.30143737792974,
                                -5.402980804443359
                            ],
                            [
                                105.29595184326178,
                                -5.393038272857666
                            ],
                            [
                                105.3217239379884,
                                -5.395910739898682
                            ],
                            [
                                105.32476043701183,
                                -5.402667522430363
                            ],
                            [
                                105.3176040649414,
                                -5.405226707458439
                            ],
                            [
                                105.30143737792974,
                                -5.402980804443359
                            ]
                        ]
                    ],
                    [
                        [
                            [
                                105.29351806640636,
                                -5.407279014587402
                            ],
                            [
                                105.29338836669922,
                                -5.407294750213623
                            ],
                            [
                                105.28900146484375,
                                -5.393281459808293
                            ],
                            [
                                105.29595184326178,
                                -5.393038272857666
                            ],
                            [
                                105.30143737792974,
                                -5.402980804443359
                            ],
                            [
                                105.29351806640636,
                                -5.407279014587402
                            ]
                        ]
                    ],
                    [
                        [
                            [
                                105.2961883544923,
                                -5.425398826599121
                            ],
                            [
                                105.29351806640636,
                                -5.407279014587402
                            ],
                            [
                                105.30143737792974,
                                -5.402980804443359
                            ],
                            [
                                105.3176040649414,
                                -5.405226707458439
                            ],
                            [
                                105.32476043701183,
                                -5.402667522430363
                            ],
                            [
                                105.33494567871094,
                                -5.40715837478632
                            ],
                            [
                                105.33918762207031,
                                -5.413084506988525
                            ],
                            [
                                105.3414916992188,
                                -5.424736022949219
                            ],
                            [
                                105.32693481445312,
                                -5.429559707641602
                            ],
                            [
                                105.31436157226562,
                                -5.4187421798706055
                            ],
                            [
                                105.2961883544923,
                                -5.425398826599121
                            ]
                        ]
                    ]
                ]
            }
        },
        {
            "type": "Feature",
            "properties": {
                "id": "rajabasa",
                "name": "Rajabasa",
                "district": "Kota Bandar Lampung",
                "province": "Lampung"
            },
            "geometry": {
                "type": "MultiPolygon",
                "coordinates": [
                    [
                        [
                            [
                                105.24745178222662,
                                -5.381797790527287
                            ],
                            [
                                105.23615264892578,
                                -5.378838539123478
                            ],
                            [
                                105.2427444458009,
                                -5.367250919341984
                            ],
                            [
                                105.23920440673828,
                                -5.360802173614445
                            ],
                            [
                                105.24177551269537,
                                -5.360050201415959
                            ],
                            [
                                105.24979400634771,
                                -5.375859260559082
                            ],
                            [
                                105.24745178222662,
                                -5.381797790527287
                            ]
                        ]
                    ],
                    [
                        [
                            [
                                105.23615264892578,
                                -5.378838539123478
                            ],
                            [
                                105.23011779785162,
                                -5.379732131957951
                            ],
                            [
                                105.22082519531261,
                                -5.377765178680363
                            ],
                            [
                                105.21480560302734,
                                -5.369238376617432
                            ],
                            [
                                105.21945953369146,
                                -5.365518093109074
                            ],
                            [
                                105.23182678222662,
                                -5.359364986419678
                            ],
                            [
                                105.23920440673828,
                                -5.360802173614445
                            ],
                            [
                                105.2427444458009,
                                -5.367250919341984
                            ],
                            [
                                105.23615264892578,
                                -5.378838539123478
                            ]
                        ]
                    ],
                    [
                        [
                            [
                                105.2455673217774,
                                -5.358399868011475
                            ],
                            [
                                105.24286651611328,
                                -5.345428943634033
                            ],
                            [
                                105.25317382812506,
                                -5.335307598114014
                            ],
                            [
                                105.26170349121094,
                                -5.336331844329777
                            ],
                            [
                                105.26458740234375,
                                -5.352608203887883
                            ],
                            [
                                105.2581634521485,
                                -5.347609996795654
                            ],
                            [
                                105.25070953369146,
                                -5.358068943023682
                            ],
                            [
                                105.2455673217774,
                                -5.358399868011475
                            ]
                        ]
                    ],
                    [
                        [
                            [
                                105.24177551269537,
                                -5.360050201415959
                            ],
                            [
                                105.23920440673828,
                                -5.360802173614445
                            ],
                            [
                                105.23182678222662,
                                -5.359364986419678
                            ],
                            [
                                105.23928833007818,
                                -5.34739351272583
                            ],
                            [
                                105.24286651611328,
                                -5.345428943634033
                            ],
                            [
                                105.2455673217774,
                                -5.358399868011475
                            ],
                            [
                                105.24177551269537,
                                -5.360050201415959
                            ]
                        ]
                    ]
                ]
            }
        },
        {
            "type": "Feature",
            "properties": {
                "id": "kedamaian",
                "name": "Kedamaian",
                "district": "Kota Bandar Lampung",
                "province": "Lampung"
            },
            "geometry": {
                "type": "MultiPolygon",
                "coordinates": [
                    [
                        [
                            [
                                105.29338836669922,
                                -5.407294750213623
                            ],
                            [
                                105.28578186035156,
                                -5.408509731292668
                            ],
                            [
                                105.2821655273438,
                                -5.39992523193348
                            ],
                            [
                                105.28409576416021,
                                -5.394030570983887
                            ],
                            [
                                105.28900146484375,
                                -5.393281459808293
                            ],
                            [
                                105.29338836669922,
                                -5.407294750213623
                            ]
                        ]
                    ],
                    [
                        [
                            [
                                105.28578186035156,
                                -5.408509731292668
                            ],
                            [
                                105.2748413085937,
                                -5.406986713409367
                            ],
                            [
                                105.2821655273438,
                                -5.39992523193348
                            ],
                            [
                                105.28578186035156,
                                -5.408509731292668
                            ]
                        ]
                    ],
                    [
                        [
                            [
                                105.2961883544923,
                                -5.425398826599121
                            ],
                            [
                                105.29199981689447,
                                -5.428800582885742
                            ],
                            [
                                105.2918701171875,
                                -5.428798198699894
                            ],
                            [
                                105.28559875488287,
                                -5.4217705726623535
                            ],
                            [
                                105.27973937988287,
                                -5.418930530548096
                            ],
                            [
                                105.27025604248041,
                                -5.412812709808293
                            ],
                            [
                                105.26866912841803,
                                -5.408390998840332
                            ],
                            [
                                105.26911926269526,
                                -5.40705490112299
                            ],
                            [
                                105.2718276977539,
                                -5.405014514923096
                            ],
                            [
                                105.2748413085937,
                                -5.406986713409367
                            ],
                            [
                                105.28578186035156,
                                -5.408509731292668
                            ],
                            [
                                105.29338836669922,
                                -5.407294750213623
                            ],
                            [
                                105.29351806640636,
                                -5.407279014587402
                            ],
                            [
                                105.2961883544923,
                                -5.425398826599121
                            ]
                        ]
                    ],
                    [
                        [
                            [
                                105.27407073974604,
                                -5.424876689910832
                            ],
                            [
                                105.26949310302729,
                                -5.422759056091252
                            ],
                            [
                                105.26979827880865,
                                -5.420119285583382
                            ],
                            [
                                105.27973937988287,
                                -5.418930530548096
                            ],
                            [
                                105.28559875488287,
                                -5.4217705726623535
                            ],
                            [
                                105.27407073974604,
                                -5.424876689910832
                            ]
                        ]
                    ]
                ]
            }
        },
        {
            "type": "Feature",
            "properties": {
                "id": "sukarame",
                "name": "Sukarame",
                "district": "Kota Bandar Lampung",
                "province": "Lampung"
            },
            "geometry": {
                "type": "MultiPolygon",
                "coordinates": [
                    [
                        [
                            [
                                105.30840301513666,
                                -5.37468862533558
                            ],
                            [
                                105.30105590820318,
                                -5.3801488876342205
                            ],
                            [
                                105.28951263427746,
                                -5.370615959167424
                            ],
                            [
                                105.29187774658203,
                                -5.36782264709467
                            ],
                            [
                                105.30577850341797,
                                -5.3589015007018475
                            ],
                            [
                                105.30840301513666,
                                -5.37468862533558
                            ]
                        ]
                    ],
                    [
                        [
                            [
                                105.28409576416021,
                                -5.394030570983887
                            ],
                            [
                                105.28274536132818,
                                -5.391836643218994
                            ],
                            [
                                105.28222656250011,
                                -5.390000820159912
                            ],
                            [
                                105.30105590820318,
                                -5.3801488876342205
                            ],
                            [
                                105.30840301513666,
                                -5.37468862533558
                            ],
                            [
                                105.31563568115246,
                                -5.3756675720214275
                            ],
                            [
                                105.31564331054699,
                                -5.387800216674805
                            ],
                            [
                                105.3217239379884,
                                -5.395910739898682
                            ],
                            [
                                105.29595184326178,
                                -5.393038272857666
                            ],
                            [
                                105.28900146484375,
                                -5.393281459808293
                            ],
                            [
                                105.28409576416021,
                                -5.394030570983887
                            ]
                        ]
                    ],
                    [
                        [
                            [
                                105.2765350341798,
                                -5.372884750366154
                            ],
                            [
                                105.28827667236334,
                                -5.369702339172306
                            ],
                            [
                                105.28951263427746,
                                -5.370615959167424
                            ],
                            [
                                105.30105590820318,
                                -5.3801488876342205
                            ],
                            [
                                105.28222656250011,
                                -5.390000820159912
                            ],
                            [
                                105.28172302246094,
                                -5.382831096649113
                            ],
                            [
                                105.2765350341798,
                                -5.372884750366154
                            ]
                        ]
                    ]
                ]
            }
        },
        {
            "type": "Feature",
            "properties": {
                "id": "tanjung-karang-barat",
                "name": "Tanjung Karang Barat",
                "district": "Kota Bandar Lampung",
                "province": "Lampung"
            },
            "geometry": {
                "type": "MultiPolygon",
                "coordinates": [
                    [
                        [
                            [
                                105.23941040039062,
                                -5.407655715942383
                            ],
                            [
                                105.23521423339844,
                                -5.4056172370910645
                            ],
                            [
                                105.23518371582031,
                                -5.403001308441105
                            ],
                            [
                                105.24885559082043,
                                -5.393538475036621
                            ],
                            [
                                105.25234985351562,
                                -5.398843288421631
                            ],
                            [
                                105.25098419189464,
                                -5.400816917419434
                            ],
                            [
                                105.24322509765625,
                                -5.407811641693115
                            ],
                            [
                                105.23941040039062,
                                -5.407655715942383
                            ]
                        ]
                    ],
                    [
                        [
                            [
                                105.23267364501964,
                                -5.390935897827148
                            ],
                            [
                                105.24700164794916,
                                -5.383906841278076
                            ],
                            [
                                105.24939727783209,
                                -5.38535833358759
                            ],
                            [
                                105.25499725341791,
                                -5.387178421020451
                            ],
                            [
                                105.24885559082043,
                                -5.393538475036621
                            ],
                            [
                                105.23518371582031,
                                -5.403001308441105
                            ],
                            [
                                105.23143768310553,
                                -5.400737285613957
                            ],
                            [
                                105.23267364501964,
                                -5.390935897827148
                            ]
                        ]
                    ],
                    [
                        [
                            [
                                105.25418853759777,
                                -5.402235031127873
                            ],
                            [
                                105.25579833984375,
                                -5.409590721130371
                            ],
                            [
                                105.24322509765625,
                                -5.407811641693115
                            ],
                            [
                                105.25098419189464,
                                -5.400816917419434
                            ],
                            [
                                105.25418853759777,
                                -5.402235031127873
                            ]
                        ]
                    ],
                    [
                        [
                            [
                                105.21465301513678,
                                -5.408849716186523
                            ],
                            [
                                105.22203063964844,
                                -5.408495903015137
                            ],
                            [
                                105.23521423339844,
                                -5.4056172370910645
                            ],
                            [
                                105.23941040039062,
                                -5.407655715942383
                            ],
                            [
                                105.23831939697271,
                                -5.412024974822884
                            ],
                            [
                                105.24057006835938,
                                -5.416277885436955
                            ],
                            [
                                105.24045562744152,
                                -5.425298213958683
                            ],
                            [
                                105.23444366455078,
                                -5.431049823760986
                            ],
                            [
                                105.23014068603521,
                                -5.433097839355412
                            ],
                            [
                                105.21525573730474,
                                -5.426945686340332
                            ],
                            [
                                105.21465301513678,
                                -5.408849716186523
                            ]
                        ]
                    ],
                    [
                        [
                            [
                                105.23143768310553,
                                -5.400737285613957
                            ],
                            [
                                105.23518371582031,
                                -5.403001308441105
                            ],
                            [
                                105.23521423339844,
                                -5.4056172370910645
                            ],
                            [
                                105.22203063964844,
                                -5.408495903015137
                            ],
                            [
                                105.23143768310553,
                                -5.400737285613957
                            ]
                        ]
                    ],
                    [
                        [
                            [
                                105.23941040039062,
                                -5.407655715942383
                            ],
                            [
                                105.24322509765625,
                                -5.407811641693115
                            ],
                            [
                                105.25579833984375,
                                -5.409590721130371
                            ],
                            [
                                105.2565689086914,
                                -5.4105610847473145
                            ],
                            [
                                105.25597381591797,
                                -5.412236690521183
                            ],
                            [
                                105.23831939697271,
                                -5.412024974822884
                            ],
                            [
                                105.23941040039062,
                                -5.407655715942383
                            ]
                        ]
                    ]
                ]
            }
        },
        {
            "type": "Feature",
            "properties": {
                "id": "tanjung-karang-pusat",
                "name": "Tanjung Karang Pusat",
                "district": "Kota Bandar Lampung",
                "province": "Lampung"
            },
            "geometry": {
                "type": "MultiPolygon",
                "coordinates": [
                    [
                        [
                            [
                                105.24057006835938,
                                -5.416277885436955
                            ],
                            [
                                105.24687957763678,
                                -5.415865898132324
                            ],
                            [
                                105.2520599365235,
                                -5.421250820159912
                            ],
                            [
                                105.25142669677734,
                                -5.424907207489014
                            ],
                            [
                                105.24673461914068,
                                -5.42564058303833
                            ],
                            [
                                105.24045562744152,
                                -5.425298213958683
                            ],
                            [
                                105.24057006835938,
                                -5.416277885436955
                            ]
                        ]
                    ],
                    [
                        [
                            [
                                105.25881958007807,
                                -5.426022529602051
                            ],
                            [
                                105.25902557373047,
                                -5.427193641662541
                            ],
                            [
                                105.25592041015636,
                                -5.427826404571533
                            ],
                            [
                                105.25142669677734,
                                -5.424907207489014
                            ],
                            [
                                105.2520599365235,
                                -5.421250820159912
                            ],
                            [
                                105.25481414794916,
                                -5.421730995178223
                            ],
                            [
                                105.25823211669933,
                                -5.422271728515625
                            ],
                            [
                                105.25881958007807,
                                -5.426022529602051
                            ]
                        ]
                    ],
                    [
                        [
                            [
                                105.26125335693371,
                                -5.4064555168151855
                            ],
                            [
                                105.25965118408203,
                                -5.411624431610051
                            ],
                            [
                                105.2565689086914,
                                -5.4105610847473145
                            ],
                            [
                                105.25875854492193,
                                -5.405912399291992
                            ],
                            [
                                105.26125335693371,
                                -5.4064555168151855
                            ]
                        ]
                    ],
                    [
                        [
                            [
                                105.25478363037121,
                                -5.415154457092285
                            ],
                            [
                                105.24687957763678,
                                -5.415865898132324
                            ],
                            [
                                105.24057006835938,
                                -5.416277885436955
                            ],
                            [
                                105.23831939697271,
                                -5.412024974822884
                            ],
                            [
                                105.25597381591797,
                                -5.412236690521183
                            ],
                            [
                                105.25478363037121,
                                -5.415154457092285
                            ]
                        ]
                    ],
                    [
                        [
                            [
                                105.25574493408214,
                                -5.415219306945801
                            ],
                            [
                                105.25481414794916,
                                -5.421730995178223
                            ],
                            [
                                105.2520599365235,
                                -5.421250820159912
                            ],
                            [
                                105.24687957763678,
                                -5.415865898132324
                            ],
                            [
                                105.25478363037121,
                                -5.415154457092285
                            ],
                            [
                                105.25574493408214,
                                -5.415219306945801
                            ]
                        ]
                    ],
                    [
                        [
                            [
                                105.2565689086914,
                                -5.4105610847473145
                            ],
                            [
                                105.25579833984375,
                                -5.409590721130371
                            ],
                            [
                                105.25418853759777,
                                -5.402235031127873
                            ],
                            [
                                105.26029205322277,
                                -5.403274059295654
                            ],
                            [
                                105.25875854492193,
                                -5.405912399291992
                            ],
                            [
                                105.2565689086914,
                                -5.4105610847473145
                            ]
                        ]
                    ],
                    [
                        [
                            [
                                105.25823211669933,
                                -5.422271728515625
                            ],
                            [
                                105.25481414794916,
                                -5.421730995178223
                            ],
                            [
                                105.25574493408214,
                                -5.415219306945801
                            ],
                            [
                                105.25832366943365,
                                -5.414443492889404
                            ],
                            [
                                105.25823211669933,
                                -5.422271728515625
                            ]
                        ]
                    ],
                    [
                        [
                            [
                                105.25597381591797,
                                -5.412236690521183
                            ],
                            [
                                105.2565689086914,
                                -5.4105610847473145
                            ],
                            [
                                105.25965118408203,
                                -5.411624431610051
                            ],
                            [
                                105.26115417480469,
                                -5.411928653717041
                            ],
                            [
                                105.2621688842774,
                                -5.413973808288574
                            ],
                            [
                                105.25832366943365,
                                -5.414443492889404
                            ],
                            [
                                105.25574493408214,
                                -5.415219306945801
                            ],
                            [
                                105.25478363037121,
                                -5.415154457092285
                            ],
                            [
                                105.25597381591797,
                                -5.412236690521183
                            ]
                        ]
                    ]
                ]
            }
        },
        {
            "type": "Feature",
            "properties": {
                "id": "enggal",
                "name": "Enggal",
                "district": "Kota Bandar Lampung",
                "province": "Lampung"
            },
            "geometry": {
                "type": "MultiPolygon",
                "coordinates": [
                    [
                        [
                            [
                                105.26202392578136,
                                -5.416131496429443
                            ],
                            [
                                105.26261138916027,
                                -5.425628662109375
                            ],
                            [
                                105.25881958007807,
                                -5.426022529602051
                            ],
                            [
                                105.25823211669933,
                                -5.422271728515625
                            ],
                            [
                                105.25832366943365,
                                -5.414443492889404
                            ],
                            [
                                105.2621688842774,
                                -5.413973808288574
                            ],
                            [
                                105.26202392578136,
                                -5.416131496429443
                            ]
                        ]
                    ],
                    [
                        [
                            [
                                105.26949310302729,
                                -5.422759056091252
                            ],
                            [
                                105.2682723999024,
                                -5.427043437957764
                            ],
                            [
                                105.26261138916027,
                                -5.425628662109375
                            ],
                            [
                                105.26202392578136,
                                -5.416131496429443
                            ],
                            [
                                105.26979827880865,
                                -5.420119285583382
                            ],
                            [
                                105.26949310302729,
                                -5.422759056091252
                            ]
                        ]
                    ],
                    [
                        [
                            [
                                105.27094268798834,
                                -5.4337005615234375
                            ],
                            [
                                105.2682723999024,
                                -5.427043437957764
                            ],
                            [
                                105.26949310302729,
                                -5.422759056091252
                            ],
                            [
                                105.27407073974604,
                                -5.424876689910832
                            ],
                            [
                                105.2762451171875,
                                -5.433338642120361
                            ],
                            [
                                105.27700805664062,
                                -5.435179233551025
                            ],
                            [
                                105.27371215820312,
                                -5.434334754943848
                            ],
                            [
                                105.27094268798834,
                                -5.4337005615234375
                            ]
                        ]
                    ]
                ]
            }
        },
        {
            "type": "Feature",
            "properties": {
                "id": "tanjung-karang-timur",
                "name": "Tanjung Karang Timur",
                "district": "Kota Bandar Lampung",
                "province": "Lampung"
            },
            "geometry": {
                "type": "MultiPolygon",
                "coordinates": [
                    [
                        [
                            [
                                105.26115417480469,
                                -5.411928653717041
                            ],
                            [
                                105.26570129394531,
                                -5.409457683563232
                            ],
                            [
                                105.26505279541021,
                                -5.4138078689575195
                            ],
                            [
                                105.2621688842774,
                                -5.413973808288574
                            ],
                            [
                                105.26115417480469,
                                -5.411928653717041
                            ]
                        ]
                    ],
                    [
                        [
                            [
                                105.27973937988287,
                                -5.418930530548096
                            ],
                            [
                                105.26979827880865,
                                -5.420119285583382
                            ],
                            [
                                105.26202392578136,
                                -5.416131496429443
                            ],
                            [
                                105.2621688842774,
                                -5.413973808288574
                            ],
                            [
                                105.26505279541021,
                                -5.4138078689575195
                            ],
                            [
                                105.27025604248041,
                                -5.412812709808293
                            ],
                            [
                                105.27973937988287,
                                -5.418930530548096
                            ]
                        ]
                    ],
                    [
                        [
                            [
                                105.26866912841803,
                                -5.408390998840332
                            ],
                            [
                                105.26618957519537,
                                -5.408442020416203
                            ],
                            [
                                105.26125335693371,
                                -5.4064555168151855
                            ],
                            [
                                105.25875854492193,
                                -5.405912399291992
                            ],
                            [
                                105.26029205322277,
                                -5.403274059295654
                            ],
                            [
                                105.26107025146496,
                                -5.4031968116759685
                            ],
                            [
                                105.2664794921875,
                                -5.404631614685059
                            ],
                            [
                                105.26911926269526,
                                -5.40705490112299
                            ],
                            [
                                105.26866912841803,
                                -5.408390998840332
                            ]
                        ]
                    ],
                    [
                        [
                            [
                                105.26115417480469,
                                -5.411928653717041
                            ],
                            [
                                105.25965118408203,
                                -5.411624431610051
                            ],
                            [
                                105.26125335693371,
                                -5.4064555168151855
                            ],
                            [
                                105.26618957519537,
                                -5.408442020416203
                            ],
                            [
                                105.26570129394531,
                                -5.409457683563232
                            ],
                            [
                                105.26115417480469,
                                -5.411928653717041
                            ]
                        ]
                    ],
                    [
                        [
                            [
                                105.26570129394531,
                                -5.409457683563232
                            ],
                            [
                                105.26618957519537,
                                -5.408442020416203
                            ],
                            [
                                105.26866912841803,
                                -5.408390998840332
                            ],
                            [
                                105.27025604248041,
                                -5.412812709808293
                            ],
                            [
                                105.26505279541021,
                                -5.4138078689575195
                            ],
                            [
                                105.26570129394531,
                                -5.409457683563232
                            ]
                        ]
                    ],
                    [
                        [
                            [
                                105.2762451171875,
                                -5.433338642120361
                            ],
                            [
                                105.27407073974604,
                                -5.424876689910832
                            ],
                            [
                                105.28559875488287,
                                -5.4217705726623535
                            ],
                            [
                                105.2918701171875,
                                -5.428798198699894
                            ],
                            [
                                105.28656768798834,
                                -5.432085990905762
                            ],
                            [
                                105.2762451171875,
                                -5.433338642120361
                            ]
                        ]
                    ]
                ]
            }
        },
        {
            "type": "Feature",
            "properties": {
                "id": "tanjung-senang",
                "name": "Tanjung Senang",
                "district": "Kota Bandar Lampung",
                "province": "Lampung"
            },
            "geometry": {
                "type": "MultiPolygon",
                "coordinates": [
                    [
                        [
                            [
                                105.25434875488287,
                                -5.359412670135498
                            ],
                            [
                                105.25070953369146,
                                -5.358068943023682
                            ],
                            [
                                105.2581634521485,
                                -5.347609996795654
                            ],
                            [
                                105.26458740234375,
                                -5.352608203887883
                            ],
                            [
                                105.271713256836,
                                -5.355648517608643
                            ],
                            [
                                105.26675415039068,
                                -5.36639928817749
                            ],
                            [
                                105.26621246337902,
                                -5.3660826683043865
                            ],
                            [
                                105.25434875488287,
                                -5.359412670135498
                            ]
                        ]
                    ],
                    [
                        [
                            [
                                105.28951263427746,
                                -5.370615959167424
                            ],
                            [
                                105.28827667236334,
                                -5.369702339172306
                            ],
                            [
                                105.28379821777338,
                                -5.362138271331787
                            ],
                            [
                                105.28715515136724,
                                -5.35930681228632
                            ],
                            [
                                105.29187774658203,
                                -5.36782264709467
                            ],
                            [
                                105.28951263427746,
                                -5.370615959167424
                            ]
                        ]
                    ],
                    [
                        [
                            [
                                105.26675415039068,
                                -5.36639928817749
                            ],
                            [
                                105.271713256836,
                                -5.355648517608643
                            ],
                            [
                                105.2751083374024,
                                -5.355266094207707
                            ],
                            [
                                105.28379821777338,
                                -5.362138271331787
                            ],
                            [
                                105.28827667236334,
                                -5.369702339172306
                            ],
                            [
                                105.2765350341798,
                                -5.372884750366154
                            ],
                            [
                                105.27404785156261,
                                -5.371246814727783
                            ],
                            [
                                105.26675415039068,
                                -5.36639928817749
                            ]
                        ]
                    ],
                    [
                        [
                            [
                                105.28379821777338,
                                -5.362138271331787
                            ],
                            [
                                105.2751083374024,
                                -5.355266094207707
                            ],
                            [
                                105.28208923339838,
                                -5.344196319580021
                            ],
                            [
                                105.29367828369152,
                                -5.348308563232365
                            ],
                            [
                                105.28715515136724,
                                -5.35930681228632
                            ],
                            [
                                105.28379821777338,
                                -5.362138271331787
                            ]
                        ]
                    ]
                ]
            }
        },
        {
            "type": "Feature",
            "properties": {
                "id": "teluk-betung-timur",
                "name": "Teluk Betung Timur",
                "district": "Kota Bandar Lampung",
                "province": "Lampung"
            },
            "geometry": {
                "type": "MultiPolygon",
                "coordinates": [
                    [
                        [
                            [
                                105.2555923461914,
                                -5.460683822631836
                            ],
                            [
                                105.25289916992182,
                                -5.468084812164307
                            ],
                            [
                                105.2390975952149,
                                -5.462863922119084
                            ],
                            [
                                105.22818756103521,
                                -5.468830108642578
                            ],
                            [
                                105.22669219970709,
                                -5.46591854095459
                            ],
                            [
                                105.23179626464844,
                                -5.451187610626221
                            ],
                            [
                                105.23628997802746,
                                -5.449619293212891
                            ],
                            [
                                105.2412567138673,
                                -5.457490921020508
                            ],
                            [
                                105.25376129150396,
                                -5.456564903259277
                            ],
                            [
                                105.254135131836,
                                -5.4572882652282715
                            ],
                            [
                                105.2555923461914,
                                -5.460683822631836
                            ]
                        ]
                    ],
                    [
                        [
                            [
                                105.254135131836,
                                -5.4572882652282715
                            ],
                            [
                                105.25595855712885,
                                -5.451594829559269
                            ],
                            [
                                105.25662231445318,
                                -5.451244831085091
                            ],
                            [
                                105.25700378417974,
                                -5.4521679878234295
                            ],
                            [
                                105.26344299316406,
                                -5.455558776855469
                            ],
                            [
                                105.2555923461914,
                                -5.460683822631836
                            ],
                            [
                                105.254135131836,
                                -5.4572882652282715
                            ]
                        ]
                    ],
                    [
                        [
                            [
                                105.254135131836,
                                -5.4572882652282715
                            ],
                            [
                                105.25376129150396,
                                -5.456564903259277
                            ],
                            [
                                105.25253295898432,
                                -5.452436447143555
                            ],
                            [
                                105.25595855712885,
                                -5.451594829559269
                            ],
                            [
                                105.254135131836,
                                -5.4572882652282715
                            ]
                        ]
                    ],
                    [
                        [
                            [
                                105.25289154052746,
                                -5.488967895507756
                            ],
                            [
                                105.23930358886724,
                                -5.4919819831848145
                            ],
                            [
                                105.228012084961,
                                -5.4698991775512695
                            ],
                            [
                                105.22818756103521,
                                -5.468830108642578
                            ],
                            [
                                105.2390975952149,
                                -5.462863922119084
                            ],
                            [
                                105.25289916992182,
                                -5.468084812164307
                            ],
                            [
                                105.25289154052746,
                                -5.488967895507756
                            ]
                        ]
                    ]
                ]
            }
        },
        {
            "type": "Feature",
            "properties": {
                "id": "bumi-waras",
                "name": "Bumi Waras",
                "district": "Kota Bandar Lampung",
                "province": "Lampung"
            },
            "geometry": {
                "type": "MultiPolygon",
                "coordinates": [
                    [
                        [
                            [
                                105.28364562988281,
                                -5.447085857391301
                            ],
                            [
                                105.27302551269537,
                                -5.448341369628849
                            ],
                            [
                                105.272445678711,
                                -5.446271896362305
                            ],
                            [
                                105.27581787109375,
                                -5.439114570617619
                            ],
                            [
                                105.28447723388678,
                                -5.439878940582275
                            ],
                            [
                                105.28364562988281,
                                -5.447085857391301
                            ]
                        ]
                    ],
                    [
                        [
                            [
                                105.29199981689447,
                                -5.428800582885742
                            ],
                            [
                                105.29058074951178,
                                -5.434418201446533
                            ],
                            [
                                105.3016815185548,
                                -5.447631359100342
                            ],
                            [
                                105.29302215576172,
                                -5.444569587707463
                            ],
                            [
                                105.28598785400396,
                                -5.436039924621582
                            ],
                            [
                                105.28656768798834,
                                -5.432085990905762
                            ],
                            [
                                105.2918701171875,
                                -5.428798198699894
                            ],
                            [
                                105.29199981689447,
                                -5.428800582885742
                            ]
                        ]
                    ],
                    [
                        [
                            [
                                105.26673889160162,
                                -5.448790550231877
                            ],
                            [
                                105.26905822753912,
                                -5.443912506103516
                            ],
                            [
                                105.2720794677735,
                                -5.444612503051758
                            ],
                            [
                                105.272445678711,
                                -5.445971488952637
                            ],
                            [
                                105.272445678711,
                                -5.446271896362305
                            ],
                            [
                                105.27302551269537,
                                -5.448341369628849
                            ],
                            [
                                105.26554870605469,
                                -5.451847076416016
                            ],
                            [
                                105.26673889160162,
                                -5.448790550231877
                            ]
                        ]
                    ],
                    [
                        [
                            [
                                105.27581787109375,
                                -5.439114570617619
                            ],
                            [
                                105.27700805664062,
                                -5.435179233551025
                            ],
                            [
                                105.2762451171875,
                                -5.433338642120361
                            ],
                            [
                                105.28656768798834,
                                -5.432085990905762
                            ],
                            [
                                105.28598785400396,
                                -5.436039924621582
                            ],
                            [
                                105.28447723388678,
                                -5.439878940582275
                            ],
                            [
                                105.27581787109375,
                                -5.439114570617619
                            ]
                        ]
                    ],
                    [
                        [
                            [
                                105.3016815185548,
                                -5.447631359100342
                            ],
                            [
                                105.30140686035156,
                                -5.450194358825684
                            ],
                            [
                                105.28981781005865,
                                -5.444990158081055
                            ],
                            [
                                105.28364562988281,
                                -5.447085857391301
                            ],
                            [
                                105.28447723388678,
                                -5.439878940582275
                            ],
                            [
                                105.28598785400396,
                                -5.436039924621582
                            ],
                            [
                                105.29302215576172,
                                -5.444569587707463
                            ],
                            [
                                105.3016815185548,
                                -5.447631359100342
                            ]
                        ]
                    ]
                ]
            }
        },
        {
            "type": "Feature",
            "properties": {
                "id": "teluk-betung-selatan",
                "name": "Teluk Betung Selatan",
                "district": "Kota Bandar Lampung",
                "province": "Lampung"
            },
            "geometry": {
                "type": "MultiPolygon",
                "coordinates": [
                    [
                        [
                            [
                                105.25379943847662,
                                -5.446283340454102
                            ],
                            [
                                105.2493743896485,
                                -5.439288139343148
                            ],
                            [
                                105.25460052490246,
                                -5.440876007080078
                            ],
                            [
                                105.25687408447277,
                                -5.449768543243408
                            ],
                            [
                                105.25700378417974,
                                -5.4521679878234295
                            ],
                            [
                                105.25662231445318,
                                -5.451244831085091
                            ],
                            [
                                105.25379943847662,
                                -5.446283340454102
                            ]
                        ]
                    ],
                    [
                        [
                            [
                                105.25687408447277,
                                -5.449768543243408
                            ],
                            [
                                105.26307678222656,
                                -5.445503234863224
                            ],
                            [
                                105.26557159423834,
                                -5.445211410522461
                            ],
                            [
                                105.26673889160162,
                                -5.448790550231877
                            ],
                            [
                                105.26554870605469,
                                -5.451847076416016
                            ],
                            [
                                105.26344299316406,
                                -5.455558776855469
                            ],
                            [
                                105.25700378417974,
                                -5.4521679878234295
                            ],
                            [
                                105.25687408447277,
                                -5.449768543243408
                            ]
                        ]
                    ],
                    [
                        [
                            [
                                105.25687408447277,
                                -5.449768543243408
                            ],
                            [
                                105.25460052490246,
                                -5.440876007080078
                            ],
                            [
                                105.25841522216808,
                                -5.43955469131464
                            ],
                            [
                                105.26307678222656,
                                -5.445503234863224
                            ],
                            [
                                105.25687408447277,
                                -5.449768543243408
                            ]
                        ]
                    ],
                    [
                        [
                            [
                                105.26673889160162,
                                -5.448790550231877
                            ],
                            [
                                105.26557159423834,
                                -5.445211410522461
                            ],
                            [
                                105.2665405273438,
                                -5.444854259490967
                            ],
                            [
                                105.26905822753912,
                                -5.443912506103516
                            ],
                            [
                                105.26673889160162,
                                -5.448790550231877
                            ]
                        ]
                    ],
                    [
                        [
                            [
                                105.2665405273438,
                                -5.444854259490967
                            ],
                            [
                                105.26569366455072,
                                -5.44002103805542
                            ],
                            [
                                105.2720794677735,
                                -5.444612503051758
                            ],
                            [
                                105.26905822753912,
                                -5.443912506103516
                            ],
                            [
                                105.2665405273438,
                                -5.444854259490967
                            ]
                        ]
                    ],
                    [
                        [
                            [
                                105.2459564208985,
                                -5.44013071060175
                            ],
                            [
                                105.23928833007818,
                                -5.434539318084717
                            ],
                            [
                                105.23444366455078,
                                -5.431049823760986
                            ],
                            [
                                105.24045562744152,
                                -5.425298213958683
                            ],
                            [
                                105.24673461914068,
                                -5.42564058303833
                            ],
                            [
                                105.2547454833985,
                                -5.434445381164494
                            ],
                            [
                                105.25725555419933,
                                -5.4384636878967285
                            ],
                            [
                                105.25841522216808,
                                -5.43955469131464
                            ],
                            [
                                105.25460052490246,
                                -5.440876007080078
                            ],
                            [
                                105.2493743896485,
                                -5.439288139343148
                            ],
                            [
                                105.2459564208985,
                                -5.44013071060175
                            ]
                        ]
                    ]
                ]
            }
        },
        {
            "type": "Feature",
            "properties": {
                "id": "teluk-betung-utara",
                "name": "Teluk Betung Utara",
                "district": "Kota Bandar Lampung",
                "province": "Lampung"
            },
            "geometry": {
                "type": "MultiPolygon",
                "coordinates": [
                    [
                        [
                            [
                                105.25725555419933,
                                -5.4384636878967285
                            ],
                            [
                                105.2547454833985,
                                -5.434445381164494
                            ],
                            [
                                105.25592041015636,
                                -5.427826404571533
                            ],
                            [
                                105.25902557373047,
                                -5.427193641662541
                            ],
                            [
                                105.2652206420899,
                                -5.437251091003361
                            ],
                            [
                                105.26565551757824,
                                -5.439505100250244
                            ],
                            [
                                105.25725555419933,
                                -5.4384636878967285
                            ]
                        ]
                    ],
                    [
                        [
                            [
                                105.26557159423834,
                                -5.445211410522461
                            ],
                            [
                                105.26307678222656,
                                -5.445503234863224
                            ],
                            [
                                105.25841522216808,
                                -5.43955469131464
                            ],
                            [
                                105.25725555419933,
                                -5.4384636878967285
                            ],
                            [
                                105.26565551757824,
                                -5.439505100250244
                            ],
                            [
                                105.26569366455072,
                                -5.44002103805542
                            ],
                            [
                                105.2665405273438,
                                -5.444854259490967
                            ],
                            [
                                105.26557159423834,
                                -5.445211410522461
                            ]
                        ]
                    ],
                    [
                        [
                            [
                                105.272445678711,
                                -5.446271896362305
                            ],
                            [
                                105.272445678711,
                                -5.445971488952637
                            ],
                            [
                                105.27371215820312,
                                -5.434334754943848
                            ],
                            [
                                105.27700805664062,
                                -5.435179233551025
                            ],
                            [
                                105.27581787109375,
                                -5.439114570617619
                            ],
                            [
                                105.272445678711,
                                -5.446271896362305
                            ]
                        ]
                    ],
                    [
                        [
                            [
                                105.26569366455072,
                                -5.44002103805542
                            ],
                            [
                                105.26565551757824,
                                -5.439505100250244
                            ],
                            [
                                105.2652206420899,
                                -5.437251091003361
                            ],
                            [
                                105.27094268798834,
                                -5.4337005615234375
                            ],
                            [
                                105.27371215820312,
                                -5.434334754943848
                            ],
                            [
                                105.272445678711,
                                -5.445971488952637
                            ],
                            [
                                105.2720794677735,
                                -5.444612503051758
                            ],
                            [
                                105.26569366455072,
                                -5.44002103805542
                            ]
                        ]
                    ],
                    [
                        [
                            [
                                105.2547454833985,
                                -5.434445381164494
                            ],
                            [
                                105.24673461914068,
                                -5.42564058303833
                            ],
                            [
                                105.25142669677734,
                                -5.424907207489014
                            ],
                            [
                                105.25592041015636,
                                -5.427826404571533
                            ],
                            [
                                105.2547454833985,
                                -5.434445381164494
                            ]
                        ]
                    ],
                    [
                        [
                            [
                                105.27094268798834,
                                -5.4337005615234375
                            ],
                            [
                                105.2652206420899,
                                -5.437251091003361
                            ],
                            [
                                105.25902557373047,
                                -5.427193641662541
                            ],
                            [
                                105.25881958007807,
                                -5.426022529602051
                            ],
                            [
                                105.26261138916027,
                                -5.425628662109375
                            ],
                            [
                                105.2682723999024,
                                -5.427043437957764
                            ],
                            [
                                105.27094268798834,
                                -5.4337005615234375
                            ]
                        ]
                    ]
                ]
            }
        }
    ]
}